query_id,query,high_level_query,answer_format,topic,high_level_topic,is_level1,is_level2,is_union
1,地方公共団体の区分  ,地方公共団体の区分,"1. 都道府県
2. 政令指定都市
3. 中核市
4. 施行時特例市
5. 人口10万人以上であって、上記2〜4以外の市区町村
6. 人口3万人以上10万人未満の市区町村
7. 人口1万人以上3万人未満の市区町村
8. 人口1万人未満の市区町村
9. 地方公共団体の組合（一部事務組合及び広域連合）",（１）団体区分,０．基礎情報,1,1,1
2,組合の事務内容（内容選択・事務事業編対象） 事務内容 １.一般廃棄物処理（ごみ処理・リサイクル施設）,組合の事務内容（内容選択・事務事業編対象）,"１.該当する
２.該当しない",（３）一部事務組合及び広域連合の事務内容,０．基礎情報,,,1
3,組合の事務内容（内容選択・事務事業編対象） 事務内容 ２.一般廃棄物処理（し尿処理）,組合の事務内容（内容選択・事務事業編対象）,"１.該当する
２.該当しない",（３）一部事務組合及び広域連合の事務内容,０．基礎情報,,,1
4,組合の事務内容（内容選択・事務事業編対象） 事務内容 ３.産業廃棄物処理,組合の事務内容（内容選択・事務事業編対象）,"１.該当する
２.該当しない",（３）一部事務組合及び広域連合の事務内容,０．基礎情報,,,1
5,組合の事務内容（内容選択・事務事業編対象） 事務内容 ４.火葬・斎場・墓地等,組合の事務内容（内容選択・事務事業編対象）,"１.該当する
２.該当しない",（３）一部事務組合及び広域連合の事務内容,０．基礎情報,,,1
6,組合の事務内容（内容選択・事務事業編対象） 事務内容 ５.その他環境衛生事業,組合の事務内容（内容選択・事務事業編対象）,"１.該当する
２.該当しない",（３）一部事務組合及び広域連合の事務内容,０．基礎情報,,,1
7,組合の事務内容（内容選択・事務事業編対象） 事務内容 ６.上水道,組合の事務内容（内容選択・事務事業編対象）,"１.該当する
２.該当しない",（３）一部事務組合及び広域連合の事務内容,０．基礎情報,,,1
8,組合の事務内容（内容選択・事務事業編対象） 事務内容 ７.下水道,組合の事務内容（内容選択・事務事業編対象）,"１.該当する
２.該当しない",（３）一部事務組合及び広域連合の事務内容,０．基礎情報,,,1
9,組合の事務内容（内容選択・事務事業編対象） 事務内容 ８.用水,組合の事務内容（内容選択・事務事業編対象）,"１.該当する
２.該当しない",（３）一部事務組合及び広域連合の事務内容,０．基礎情報,,,1
10,組合の事務内容（内容選択・事務事業編対象） 事務内容 ９.水防,組合の事務内容（内容選択・事務事業編対象）,"１.該当する
２.該当しない",（３）一部事務組合及び広域連合の事務内容,０．基礎情報,,,1
11,組合の事務内容（内容選択・事務事業編対象） 事務内容 １０.消防,組合の事務内容（内容選択・事務事業編対象）,"１.該当する
２.該当しない",（３）一部事務組合及び広域連合の事務内容,０．基礎情報,,,1
12,組合の事務内容（内容選択・事務事業編対象） 事務内容 １１.救急,組合の事務内容（内容選択・事務事業編対象）,"１.該当する
２.該当しない",（３）一部事務組合及び広域連合の事務内容,０．基礎情報,,,1
13,組合の事務内容（内容選択・事務事業編対象） 事務内容 １２.病院・医療センター等,組合の事務内容（内容選択・事務事業編対象）,"１.該当する
２.該当しない",（３）一部事務組合及び広域連合の事務内容,０．基礎情報,,,1
14,組合の事務内容（内容選択・事務事業編対象） 事務内容 １３.福祉施設（看護学校含む。高齢者施設を除く。）,組合の事務内容（内容選択・事務事業編対象）,"１.該当する
２.該当しない",（３）一部事務組合及び広域連合の事務内容,０．基礎情報,,,1
15,組合の事務内容（内容選択・事務事業編対象） 事務内容 １４.高齢者施設（養護老人ホーム等）,組合の事務内容（内容選択・事務事業編対象）,"１.該当する
２.該当しない",（３）一部事務組合及び広域連合の事務内容,０．基礎情報,,,1
16,組合の事務内容（内容選択・事務事業編対象） 事務内容 １５.学校,組合の事務内容（内容選択・事務事業編対象）,"１.該当する
２.該当しない",（３）一部事務組合及び広域連合の事務内容,０．基礎情報,,,1
17,組合の事務内容（内容選択・事務事業編対象） 事務内容 １６.その他教育関連施設,組合の事務内容（内容選択・事務事業編対象）,"１.該当する
２.該当しない",（３）一部事務組合及び広域連合の事務内容,０．基礎情報,,,1
18,組合の事務内容（内容選択・事務事業編対象） 事務内容 １７.公営競技,組合の事務内容（内容選択・事務事業編対象）,"１.該当する
２.該当しない",（３）一部事務組合及び広域連合の事務内容,０．基礎情報,,,1
19,組合の事務内容（内容選択・事務事業編対象） 事務内容 １８.港管理,組合の事務内容（内容選択・事務事業編対象）,"１.該当する
２.該当しない",（３）一部事務組合及び広域連合の事務内容,０．基礎情報,,,1
20,組合の事務内容（内容選択・事務事業編対象） 事務内容 １９.会館等の維持管理,組合の事務内容（内容選択・事務事業編対象）,"１.該当する
２.該当しない",（３）一部事務組合及び広域連合の事務内容,０．基礎情報,,,1
21,組合の事務内容（内容選択・事務事業編対象） 事務内容 ２０.その他行政事務,組合の事務内容（内容選択・事務事業編対象）,"１.該当する
２.該当しない",（３）一部事務組合及び広域連合の事務内容,０．基礎情報,,,1
22,組合の事務内容（内容選択・事務事業編対象） 実行計画の対象としている事務内容 １.一般廃棄物処理（ごみ処理・リサイクル施設）,組合の事務内容（内容選択・事務事業編対象）,"１.該当する
２.該当しない",（３）一部事務組合及び広域連合の事務内容,０．基礎情報,,,1
23,組合の事務内容（内容選択・事務事業編対象） 実行計画の対象としている事務内容 ２.一般廃棄物処理（し尿処理）,組合の事務内容（内容選択・事務事業編対象）,"１.該当する
２.該当しない",（３）一部事務組合及び広域連合の事務内容,０．基礎情報,,,1
24,組合の事務内容（内容選択・事務事業編対象） 実行計画の対象としている事務内容 ３.産業廃棄物処理,組合の事務内容（内容選択・事務事業編対象）,"１.該当する
２.該当しない",（３）一部事務組合及び広域連合の事務内容,０．基礎情報,,,1
25,組合の事務内容（内容選択・事務事業編対象） 実行計画の対象としている事務内容 ４.火葬・斎場・墓地等,組合の事務内容（内容選択・事務事業編対象）,"１.該当する
２.該当しない",（３）一部事務組合及び広域連合の事務内容,０．基礎情報,,,1
26,組合の事務内容（内容選択・事務事業編対象） 実行計画の対象としている事務内容 ５.その他環境衛生事業,組合の事務内容（内容選択・事務事業編対象）,"１.該当する
２.該当しない",（３）一部事務組合及び広域連合の事務内容,０．基礎情報,,,1
27,組合の事務内容（内容選択・事務事業編対象） 実行計画の対象としている事務内容 ６.上水道,組合の事務内容（内容選択・事務事業編対象）,"１.該当する
２.該当しない",（３）一部事務組合及び広域連合の事務内容,０．基礎情報,,,1
28,組合の事務内容（内容選択・事務事業編対象） 実行計画の対象としている事務内容 ７.下水道,組合の事務内容（内容選択・事務事業編対象）,"１.該当する
２.該当しない",（３）一部事務組合及び広域連合の事務内容,０．基礎情報,,,1
29,組合の事務内容（内容選択・事務事業編対象） 実行計画の対象としている事務内容 ８.用水,組合の事務内容（内容選択・事務事業編対象）,"１.該当する
２.該当しない",（３）一部事務組合及び広域連合の事務内容,０．基礎情報,,,1
30,組合の事務内容（内容選択・事務事業編対象） 実行計画の対象としている事務内容 ９.水防,組合の事務内容（内容選択・事務事業編対象）,"１.該当する
２.該当しない",（３）一部事務組合及び広域連合の事務内容,０．基礎情報,,,1
31,組合の事務内容（内容選択・事務事業編対象） 実行計画の対象としている事務内容 １０.消防,組合の事務内容（内容選択・事務事業編対象）,"１.該当する
２.該当しない",（３）一部事務組合及び広域連合の事務内容,０．基礎情報,,,1
32,組合の事務内容（内容選択・事務事業編対象） 実行計画の対象としている事務内容 １１.救急,組合の事務内容（内容選択・事務事業編対象）,"１.該当する
２.該当しない",（３）一部事務組合及び広域連合の事務内容,０．基礎情報,,,1
33,組合の事務内容（内容選択・事務事業編対象） 実行計画の対象としている事務内容 １２.病院・医療センター等,組合の事務内容（内容選択・事務事業編対象）,"１.該当する
２.該当しない",（３）一部事務組合及び広域連合の事務内容,０．基礎情報,,,1
34,組合の事務内容（内容選択・事務事業編対象） 実行計画の対象としている事務内容 １３.福祉施設（看護学校含む。高齢者施設を除く。）,組合の事務内容（内容選択・事務事業編対象）,"１.該当する
２.該当しない",（３）一部事務組合及び広域連合の事務内容,０．基礎情報,,,1
35,組合の事務内容（内容選択・事務事業編対象） 実行計画の対象としている事務内容 １４.高齢者施設（養護老人ホーム等）,組合の事務内容（内容選択・事務事業編対象）,"１.該当する
２.該当しない",（３）一部事務組合及び広域連合の事務内容,０．基礎情報,,,1
36,組合の事務内容（内容選択・事務事業編対象） 実行計画の対象としている事務内容 １５.学校,組合の事務内容（内容選択・事務事業編対象）,"１.該当する
２.該当しない",（３）一部事務組合及び広域連合の事務内容,０．基礎情報,,,1
37,組合の事務内容（内容選択・事務事業編対象） 実行計画の対象としている事務内容 １６.その他教育関連施設,組合の事務内容（内容選択・事務事業編対象）,"１.該当する
２.該当しない",（３）一部事務組合及び広域連合の事務内容,０．基礎情報,,,1
38,組合の事務内容（内容選択・事務事業編対象） 実行計画の対象としている事務内容 １７.公営競技,組合の事務内容（内容選択・事務事業編対象）,"１.該当する
２.該当しない",（３）一部事務組合及び広域連合の事務内容,０．基礎情報,,,1
39,組合の事務内容（内容選択・事務事業編対象） 実行計画の対象としている事務内容 １８.港管理,組合の事務内容（内容選択・事務事業編対象）,"１.該当する
２.該当しない",（３）一部事務組合及び広域連合の事務内容,０．基礎情報,,,1
40,組合の事務内容（内容選択・事務事業編対象） 実行計画の対象としている事務内容 １９.会館等の維持管理,組合の事務内容（内容選択・事務事業編対象）,"１.該当する
２.該当しない",（３）一部事務組合及び広域連合の事務内容,０．基礎情報,,,1
41,組合の事務内容（内容選択・事務事業編対象） 実行計画の対象としている事務内容 ２０.その他行政事務,組合の事務内容（内容選択・事務事業編対象）,"１.該当する
２.該当しない",（３）一部事務組合及び広域連合の事務内容,０．基礎情報,,,1
42,団体が保有・管理している施設の有無  ,団体が保有・管理している施設の有無,"１.有り
２.無し",（３）一部事務組合及び広域連合の事務内容,０．基礎情報,,,1
43,10月1日現在の事務事業編の策定・改定状況、（10月1日以降に改定する場合の）改定予定年度  ,10月1日現在の事務事業編の策定・改定状況、（10月1日以降に改定する場合の）改定予定年度,"１.過去に一度も策定したことがなく、2024年10月１日以降も策定する予定はない
２.過去に一度も策定したことがないが、2024年10月１日以降に策定する予定がある
３.現在、計画期間中であり、2024年10月１日以降に改定する予定はない
４.現在、計画期間中であり、2024年10月１日以降に改定する予定がある
５.既に計画期間を経過しているが、2024年10月１日以降に改定する予定はない
６.既に計画期間を経過しており、2024年10月１日以降に改定する予定がある",（１）実行計画（事務事業編）の策定・改定状況,１．事務事業に関する事項,1,1,1
44,10月1日現在の事務事業編の策定・改定状況、（10月1日以降に改定する場合の）改定予定年度 10月1日以降に策定・改定する場合の予定年度 ,10月1日現在の事務事業編の策定・改定状況、（10月1日以降に改定する場合の）改定予定年度,2000-2030,（１）実行計画（事務事業編）の策定・改定状況,１．事務事業に関する事項,1,1,1
45,事務事業編の策定・最終改定年度、目標年度、計画名称  策定・最終改定年度,事務事業編の策定・最終改定年度、目標年度、計画名称,2000-2030,（１）実行計画（事務事業編）の策定・改定状況,１．事務事業に関する事項,1,1,1
46,事務事業編の策定・最終改定年度、目標年度、計画名称  目標年度,事務事業編の策定・最終改定年度、目標年度、計画名称,2000-2030,（１）実行計画（事務事業編）の策定・改定状況,１．事務事業に関する事項,1,1,1
47,事務事業編の策定・最終改定年度、目標年度、計画名称  計画期間,事務事業編の策定・最終改定年度、目標年度、計画名称,,（１）実行計画（事務事業編）の策定・改定状況,１．事務事業に関する事項,1,1,1
48,事務事業編の公表状況（公表状況、URL） 実行計画（事務事業編）の計画名称 ,事務事業編の公表状況（公表状況、URL）,,（１）実行計画（事務事業編）の策定・改定状況,１．事務事業に関する事項,1,1,1
49,事務事業編の公表状況（公表状況、URL）  ,事務事業編の公表状況（公表状況、URL）,"1.webサイトで公表している
2.webサイトで公表していないが、その他の方法で公表している
3.公表していない",（１）実行計画（事務事業編）の策定・改定状況,１．事務事業に関する事項,1,1,1
50,事務事業編の公表状況（公表状況、URL） WebサイトのURL ,事務事業編の公表状況（公表状況、URL）,,（１）実行計画（事務事業編）の策定・改定状況,１．事務事業に関する事項,1,1,1
51,事務事業編の共同策定状況（策定状況、共同策定団体名）  ,事務事業編の共同策定状況（策定状況、共同策定団体名）,"１.共同して計画を策定済である
２.共同して計画を策定予定である
３.共同策定の予定はない",（１）実行計画（事務事業編）の策定・改定状況,１．事務事業に関する事項,1,1,1
52,事務事業編の共同策定状況（策定状況、共同策定団体名） 共同策定した団体名 ,事務事業編の共同策定状況（策定状況、共同策定団体名）,,（１）実行計画（事務事業編）の策定・改定状況,１．事務事業に関する事項,1,1,1
53,温室効果ガス総排出量設定目標（基準年度、目標年度、直近の点検年度の排出量）  基準年度,温室効果ガス総排出量設定目標（基準年度、目標年度、直近の点検年度の排出量）,2000-2030,（２）目標設定と対象,１．事務事業に関する事項,1,1,1
54,温室効果ガス総排出量設定目標（基準年度、目標年度、直近の点検年度の排出量）  基準年度：総排出量（基礎排出係数）,温室効果ガス総排出量設定目標（基準年度、目標年度、直近の点検年度の排出量）,,（２）目標設定と対象,１．事務事業に関する事項,1,1,1
55,温室効果ガス総排出量設定目標（基準年度、目標年度、直近の点検年度の排出量）  目標年度,温室効果ガス総排出量設定目標（基準年度、目標年度、直近の点検年度の排出量）,2000-2030,（２）目標設定と対象,１．事務事業に関する事項,1,1,1
56,温室効果ガス総排出量設定目標（基準年度、目標年度、直近の点検年度の排出量）  目標年度：総排出量（基礎排出係数）,温室効果ガス総排出量設定目標（基準年度、目標年度、直近の点検年度の排出量）,,（２）目標設定と対象,１．事務事業に関する事項,1,1,1
57,温室効果ガス総排出量設定目標（基準年度、目標年度、直近の点検年度の排出量）  目標年度：基準年度からの削減率,温室効果ガス総排出量設定目標（基準年度、目標年度、直近の点検年度の排出量）,,（２）目標設定と対象,１．事務事業に関する事項,1,1,1
58,温室効果ガス総排出量設定目標（基準年度、目標年度、直近の点検年度の排出量）  直近の点検年度,温室効果ガス総排出量設定目標（基準年度、目標年度、直近の点検年度の排出量）,2000-2030,（２）目標設定と対象,１．事務事業に関する事項,1,1,1
59,温室効果ガス総排出量設定目標（基準年度、目標年度、直近の点検年度の排出量）  直近の点検年度：総排出量（基礎排出係数）,温室効果ガス総排出量設定目標（基準年度、目標年度、直近の点検年度の排出量）,,（２）目標設定と対象,１．事務事業に関する事項,1,1,1
60,温室効果ガス総排出量設定目標（基準年度、目標年度、直近の点検年度の排出量）  直近の点検年度：基準年度からの削減率（基礎排出係数）,温室効果ガス総排出量設定目標（基準年度、目標年度、直近の点検年度の排出量）,,（２）目標設定と対象,１．事務事業に関する事項,1,1,1
61,温室効果ガス総排出量設定目標（基準年度、目標年度、直近の点検年度の排出量）  直近の点検年度：総排出量（調整後排出係数）,温室効果ガス総排出量設定目標（基準年度、目標年度、直近の点検年度の排出量）,,（２）目標設定と対象,１．事務事業に関する事項,1,1,1
62,温室効果ガス総排出量設定目標（基準年度、目標年度、直近の点検年度の排出量）  直近の点検年度：基準年度からの削減率（調整後排出係数）,温室効果ガス総排出量設定目標（基準年度、目標年度、直近の点検年度の排出量）,,（２）目標設定と対象,１．事務事業に関する事項,1,1,1
63,政府実行計画に準じた措置の設定および設定予定の有無（太陽光発電、ZEB、公用車EV、LED、再エネ調達）  太陽光発電の最大限の導入,政府実行計画に準じた措置の設定および設定予定の有無（太陽光発電、ZEB、公用車EV、LED、再エネ調達）,"1.有り
2.無し",（２）目標設定と対象,１．事務事業に関する事項,1,1,1
64,政府実行計画に準じた措置の設定および設定予定の有無（太陽光発電、ZEB、公用車EV、LED、再エネ調達）  建築物における省エネルギー対策の徹底,政府実行計画に準じた措置の設定および設定予定の有無（太陽光発電、ZEB、公用車EV、LED、再エネ調達）,"1.有り
2.無し",（２）目標設定と対象,１．事務事業に関する事項,1,1,1
65,政府実行計画に準じた措置の設定および設定予定の有無（太陽光発電、ZEB、公用車EV、LED、再エネ調達）  電動車の導入,政府実行計画に準じた措置の設定および設定予定の有無（太陽光発電、ZEB、公用車EV、LED、再エネ調達）,"1.有り
2.無し",（２）目標設定と対象,１．事務事業に関する事項,1,1,1
66,政府実行計画に準じた措置の設定および設定予定の有無（太陽光発電、ZEB、公用車EV、LED、再エネ調達）  LED照明の導入,政府実行計画に準じた措置の設定および設定予定の有無（太陽光発電、ZEB、公用車EV、LED、再エネ調達）,"1.有り
2.無し",（２）目標設定と対象,１．事務事業に関する事項,1,1,1
67,政府実行計画に準じた措置の設定および設定予定の有無（太陽光発電、ZEB、公用車EV、LED、再エネ調達）  再生可能エネルギー電力調達の推進,政府実行計画に準じた措置の設定および設定予定の有無（太陽光発電、ZEB、公用車EV、LED、再エネ調達）,"1.有り
2.無し",（２）目標設定と対象,１．事務事業に関する事項,1,1,1
68,政府実行計画に準じた措置の設定および設定予定の有無（太陽光発電、ZEB、公用車EV、LED、再エネ調達）  （措置の設定「無」と回答された場合）設定予定の有無　太陽光発電の最大限の導入,政府実行計画に準じた措置の設定および設定予定の有無（太陽光発電、ZEB、公用車EV、LED、再エネ調達）,"1.有り
2.無し",（２）目標設定と対象,１．事務事業に関する事項,1,1,1
69,政府実行計画に準じた措置の設定および設定予定の有無（太陽光発電、ZEB、公用車EV、LED、再エネ調達）  （措置の設定「無」と回答された場合）設定予定の有無　建築物における省エネルギー対策の徹底,政府実行計画に準じた措置の設定および設定予定の有無（太陽光発電、ZEB、公用車EV、LED、再エネ調達）,"1.有り
2.無し",（２）目標設定と対象,１．事務事業に関する事項,1,1,1
70,政府実行計画に準じた措置の設定および設定予定の有無（太陽光発電、ZEB、公用車EV、LED、再エネ調達）  （措置の設定「無」と回答された場合）設定予定の有無　電動車の導入,政府実行計画に準じた措置の設定および設定予定の有無（太陽光発電、ZEB、公用車EV、LED、再エネ調達）,"1.有り
2.無し",（２）目標設定と対象,１．事務事業に関する事項,1,1,1
71,政府実行計画に準じた措置の設定および設定予定の有無（太陽光発電、ZEB、公用車EV、LED、再エネ調達）  （措置の設定「無」と回答された場合）設定予定の有無　LED照明の導入,政府実行計画に準じた措置の設定および設定予定の有無（太陽光発電、ZEB、公用車EV、LED、再エネ調達）,"1.有り
2.無し",（２）目標設定と対象,１．事務事業に関する事項,1,1,1
72,政府実行計画に準じた措置の設定および設定予定の有無（太陽光発電、ZEB、公用車EV、LED、再エネ調達）  （措置の設定「無」と回答された場合）設定予定の有無　再生可能エネルギー電力調達の推進,政府実行計画に準じた措置の設定および設定予定の有無（太陽光発電、ZEB、公用車EV、LED、再エネ調達）,"1.有り
2.無し",（２）目標設定と対象,１．事務事業に関する事項,1,1,1
73,既存の行政計画と事務事業編との統合の状況  1.総合計画,既存の行政計画と事務事業編との統合の状況,"１.統合している
２.統合していない",（２）目標設定と対象,１．事務事業に関する事項,1,1,1
74,既存の行政計画と事務事業編との統合の状況  2.環境基本計画,既存の行政計画と事務事業編との統合の状況,"１.統合している
２.統合していない",（２）目標設定と対象,１．事務事業に関する事項,1,1,1
75,既存の行政計画と事務事業編との統合の状況  3.公共施設等総合管理計画,既存の行政計画と事務事業編との統合の状況,"１.統合している
２.統合していない",（２）目標設定と対象,１．事務事業に関する事項,1,1,1
76,既存の行政計画と事務事業編との統合の状況  4.廃棄物処理計画、一般廃棄物処理計画,既存の行政計画と事務事業編との統合の状況,"１.統合している
２.統合していない",（２）目標設定と対象,１．事務事業に関する事項,1,1,1
77,既存の行政計画と事務事業編との統合の状況  5.その他,既存の行政計画と事務事業編との統合の状況,"１.統合している
２.統合していない",（２）目標設定と対象,１．事務事業に関する事項,1,1,1
78,事務事業編の進捗状況を協議・審議する場  １.地球温暖化対策推進法第22条第1項に基づく地方公共団体実行計画協議会,事務事業編の進捗状況を協議・審議する場,"１.該当する
２.該当しない",（３）進行管理の仕組み,１．事務事業に関する事項,1,1,1
79,事務事業編の進捗状況を協議・審議する場  ２.地球温暖化対策推進法第40条第1項に基づく地球温暖化対策地域協議会,事務事業編の進捗状況を協議・審議する場,"１.該当する
２.該当しない",（３）進行管理の仕組み,１．事務事業に関する事項,1,1,1
80,事務事業編の進捗状況を協議・審議する場  ３.地方公共団体独自の環境審議会,事務事業編の進捗状況を協議・審議する場,"１.該当する
２.該当しない",（３）進行管理の仕組み,１．事務事業に関する事項,1,1,1
81,事務事業編の進捗状況を協議・審議する場  ４.関係各課等で構成される庁内組織,事務事業編の進捗状況を協議・審議する場,"１.該当する
２.該当しない",（３）進行管理の仕組み,１．事務事業に関する事項,1,1,1
82,事務事業編の進捗状況を協議・審議する場  ５.その他,事務事業編の進捗状況を協議・審議する場,"１.該当する
２.該当しない",（３）進行管理の仕組み,１．事務事業に関する事項,1,1,1
83,事務事業編の進捗状況を協議・審議する場  ６.協議・審議する場はない,事務事業編の進捗状況を協議・審議する場,"１.該当する
２.該当しない",（３）進行管理の仕組み,１．事務事業に関する事項,1,1,1
84,太陽光発電設備の導入の取組状況  ,太陽光発電設備の導入の取組状況,"１.2030年度に向けて、太陽光発電設備に導入に係る目標・導入方針を設定している
２.2030年度に向けた目標、導入方針に基づき、設置箇所の選定調査、地域との関係構築を行っている
３.2030年度に向けた目標、導入方針に基づき、一部の建築物（敷地を含む。）に太陽光発電設備を導入している
４.設置可能な建築物（敷地を含む。）の50%以上に太陽光発電設備を導入している
５.太陽光発電設備の導入に向けた検討はしていない",（４）脱炭素に資する措置の取組状況,１．事務事業に関する事項,1,1,1
85,太陽光発電設備の導入の取組状況  市民文化施設：第三者所有による導入状況：PPA,太陽光発電設備の導入の取組状況,"１.該当する
２.該当しない",（４）脱炭素に資する措置の取組状況,１．事務事業に関する事項,1,1,1
86,太陽光発電設備の導入の取組状況  市民文化施設：第三者所有による導入状況：リース,太陽光発電設備の導入の取組状況,"１.該当する
２.該当しない",（４）脱炭素に資する措置の取組状況,１．事務事業に関する事項,1,1,1
87,太陽光発電設備の導入の取組状況  市民文化施設：第三者所有による導入状況：屋根貸し,太陽光発電設備の導入の取組状況,"１.該当する
２.該当しない",（４）脱炭素に資する措置の取組状況,１．事務事業に関する事項,1,1,1
88,太陽光発電設備の導入の取組状況  社会教育施設：第三者所有による導入状況：PPA,太陽光発電設備の導入の取組状況,"１.該当する
２.該当しない",（４）脱炭素に資する措置の取組状況,１．事務事業に関する事項,1,1,1
89,太陽光発電設備の導入の取組状況  社会教育施設：第三者所有による導入状況：リース,太陽光発電設備の導入の取組状況,"１.該当する
２.該当しない",（４）脱炭素に資する措置の取組状況,１．事務事業に関する事項,1,1,1
90,太陽光発電設備の導入の取組状況  社会教育施設：第三者所有による導入状況：屋根貸し,太陽光発電設備の導入の取組状況,"１.該当する
２.該当しない",（４）脱炭素に資する措置の取組状況,１．事務事業に関する事項,1,1,1
91,太陽光発電設備の導入の取組状況  社会体育施設：第三者所有による導入状況：PPA,太陽光発電設備の導入の取組状況,"１.該当する
２.該当しない",（４）脱炭素に資する措置の取組状況,１．事務事業に関する事項,1,1,1
92,太陽光発電設備の導入の取組状況  社会体育施設：第三者所有による導入状況：リース,太陽光発電設備の導入の取組状況,"１.該当する
２.該当しない",（４）脱炭素に資する措置の取組状況,１．事務事業に関する事項,1,1,1
93,太陽光発電設備の導入の取組状況  社会体育施設：第三者所有による導入状況：屋根貸し,太陽光発電設備の導入の取組状況,"１.該当する
２.該当しない",（４）脱炭素に資する措置の取組状況,１．事務事業に関する事項,1,1,1
94,太陽光発電設備の導入の取組状況  幼稚園施設：第三者所有による導入状況：PPA,太陽光発電設備の導入の取組状況,"１.該当する
２.該当しない",（４）脱炭素に資する措置の取組状況,１．事務事業に関する事項,1,1,1
95,太陽光発電設備の導入の取組状況  幼稚園施設：第三者所有による導入状況：リース,太陽光発電設備の導入の取組状況,"１.該当する
２.該当しない",（４）脱炭素に資する措置の取組状況,１．事務事業に関する事項,1,1,1
96,太陽光発電設備の導入の取組状況  幼稚園施設：第三者所有による導入状況：屋根貸し,太陽光発電設備の導入の取組状況,"１.該当する
２.該当しない",（４）脱炭素に資する措置の取組状況,１．事務事業に関する事項,1,1,1
97,太陽光発電設備の導入の取組状況  小中学校施設：第三者所有による導入状況：PPA,太陽光発電設備の導入の取組状況,"１.該当する
２.該当しない",（４）脱炭素に資する措置の取組状況,１．事務事業に関する事項,1,1,1
98,太陽光発電設備の導入の取組状況  小中学校施設：第三者所有による導入状況：リース,太陽光発電設備の導入の取組状況,"１.該当する
２.該当しない",（４）脱炭素に資する措置の取組状況,１．事務事業に関する事項,1,1,1
99,太陽光発電設備の導入の取組状況  小中学校施設：第三者所有による導入状況：屋根貸し,太陽光発電設備の導入の取組状況,"１.該当する
２.該当しない",（４）脱炭素に資する措置の取組状況,１．事務事業に関する事項,1,1,1
100,太陽光発電設備の導入の取組状況  特別支援学校施設：第三者所有による導入状況：PPA,太陽光発電設備の導入の取組状況,"１.該当する
２.該当しない",（４）脱炭素に資する措置の取組状況,１．事務事業に関する事項,1,1,1
101,太陽光発電設備の導入の取組状況  特別支援学校施設：第三者所有による導入状況：リース,太陽光発電設備の導入の取組状況,"１.該当する
２.該当しない",（４）脱炭素に資する措置の取組状況,１．事務事業に関する事項,1,1,1
102,太陽光発電設備の導入の取組状況  特別支援学校施設：第三者所有による導入状況：屋根貸し,太陽光発電設備の導入の取組状況,"１.該当する
２.該当しない",（４）脱炭素に資する措置の取組状況,１．事務事業に関する事項,1,1,1
103,太陽光発電設備の導入の取組状況  高等学校施設：第三者所有による導入状況：PPA,太陽光発電設備の導入の取組状況,"１.該当する
２.該当しない",（４）脱炭素に資する措置の取組状況,１．事務事業に関する事項,1,1,1
104,太陽光発電設備の導入の取組状況  高等学校施設：第三者所有による導入状況：リース,太陽光発電設備の導入の取組状況,"１.該当する
２.該当しない",（４）脱炭素に資する措置の取組状況,１．事務事業に関する事項,1,1,1
105,太陽光発電設備の導入の取組状況  高等学校施設：第三者所有による導入状況：屋根貸し,太陽光発電設備の導入の取組状況,"１.該当する
２.該当しない",（４）脱炭素に資する措置の取組状況,１．事務事業に関する事項,1,1,1
106,太陽光発電設備の導入の取組状況  児童福祉施設：第三者所有による導入状況：PPA,太陽光発電設備の導入の取組状況,"１.該当する
２.該当しない",（４）脱炭素に資する措置の取組状況,１．事務事業に関する事項,1,1,1
107,太陽光発電設備の導入の取組状況  児童福祉施設：第三者所有による導入状況：リース,太陽光発電設備の導入の取組状況,"１.該当する
２.該当しない",（４）脱炭素に資する措置の取組状況,１．事務事業に関する事項,1,1,1
108,太陽光発電設備の導入の取組状況  児童福祉施設：第三者所有による導入状況：屋根貸し,太陽光発電設備の導入の取組状況,"１.該当する
２.該当しない",（４）脱炭素に資する措置の取組状況,１．事務事業に関する事項,1,1,1
109,太陽光発電設備の導入の取組状況  社会福祉施設：第三者所有による導入状況：PPA,太陽光発電設備の導入の取組状況,"１.該当する
２.該当しない",（４）脱炭素に資する措置の取組状況,１．事務事業に関する事項,1,1,1
110,太陽光発電設備の導入の取組状況  社会福祉施設：第三者所有による導入状況：リース,太陽光発電設備の導入の取組状況,"１.該当する
２.該当しない",（４）脱炭素に資する措置の取組状況,１．事務事業に関する事項,1,1,1
111,太陽光発電設備の導入の取組状況  社会福祉施設：第三者所有による導入状況：屋根貸し,太陽光発電設備の導入の取組状況,"１.該当する
２.該当しない",（４）脱炭素に資する措置の取組状況,１．事務事業に関する事項,1,1,1
112,太陽光発電設備の導入の取組状況  医療施設：第三者所有による導入状況：PPA,太陽光発電設備の導入の取組状況,"１.該当する
２.該当しない",（４）脱炭素に資する措置の取組状況,１．事務事業に関する事項,1,1,1
113,太陽光発電設備の導入の取組状況  医療施設：第三者所有による導入状況：リース,太陽光発電設備の導入の取組状況,"１.該当する
２.該当しない",（４）脱炭素に資する措置の取組状況,１．事務事業に関する事項,1,1,1
114,太陽光発電設備の導入の取組状況  医療施設：第三者所有による導入状況：屋根貸し,太陽光発電設備の導入の取組状況,"１.該当する
２.該当しない",（４）脱炭素に資する措置の取組状況,１．事務事業に関する事項,1,1,1
115,太陽光発電設備の導入の取組状況  行政施設：第三者所有による導入状況：PPA,太陽光発電設備の導入の取組状況,"１.該当する
２.該当しない",（４）脱炭素に資する措置の取組状況,１．事務事業に関する事項,1,1,1
116,太陽光発電設備の導入の取組状況  行政施設：第三者所有による導入状況：リース,太陽光発電設備の導入の取組状況,"１.該当する
２.該当しない",（４）脱炭素に資する措置の取組状況,１．事務事業に関する事項,1,1,1
117,太陽光発電設備の導入の取組状況  行政施設：第三者所有による導入状況：屋根貸し,太陽光発電設備の導入の取組状況,"１.該当する
２.該当しない",（４）脱炭素に資する措置の取組状況,１．事務事業に関する事項,1,1,1
118,太陽光発電設備の導入の取組状況  消防施設：第三者所有による導入状況：PPA,太陽光発電設備の導入の取組状況,"１.該当する
２.該当しない",（４）脱炭素に資する措置の取組状況,１．事務事業に関する事項,1,1,1
119,太陽光発電設備の導入の取組状況  消防施設：第三者所有による導入状況：リース,太陽光発電設備の導入の取組状況,"１.該当する
２.該当しない",（４）脱炭素に資する措置の取組状況,１．事務事業に関する事項,1,1,1
120,太陽光発電設備の導入の取組状況  消防施設：第三者所有による導入状況：屋根貸し,太陽光発電設備の導入の取組状況,"１.該当する
２.該当しない",（４）脱炭素に資する措置の取組状況,１．事務事業に関する事項,1,1,1
121,太陽光発電設備の導入の取組状況  警察施設：第三者所有による導入状況：PPA,太陽光発電設備の導入の取組状況,"１.該当する
２.該当しない",（４）脱炭素に資する措置の取組状況,１．事務事業に関する事項,1,1,1
122,太陽光発電設備の導入の取組状況  警察施設：第三者所有による導入状況：リース,太陽光発電設備の導入の取組状況,"１.該当する
２.該当しない",（４）脱炭素に資する措置の取組状況,１．事務事業に関する事項,1,1,1
123,太陽光発電設備の導入の取組状況  警察施設：第三者所有による導入状況：屋根貸し,太陽光発電設備の導入の取組状況,"１.該当する
２.該当しない",（４）脱炭素に資する措置の取組状況,１．事務事業に関する事項,1,1,1
124,太陽光発電設備の導入の取組状況  公営住宅：第三者所有による導入状況：PPA,太陽光発電設備の導入の取組状況,"１.該当する
２.該当しない",（４）脱炭素に資する措置の取組状況,１．事務事業に関する事項,1,1,1
125,太陽光発電設備の導入の取組状況  公営住宅：第三者所有による導入状況：リース,太陽光発電設備の導入の取組状況,"１.該当する
２.該当しない",（４）脱炭素に資する措置の取組状況,１．事務事業に関する事項,1,1,1
126,太陽光発電設備の導入の取組状況  公営住宅：第三者所有による導入状況：屋根貸し,太陽光発電設備の導入の取組状況,"１.該当する
２.該当しない",（４）脱炭素に資する措置の取組状況,１．事務事業に関する事項,1,1,1
127,太陽光発電設備の導入の取組状況  廃棄物処理施設：第三者所有による導入状況：PPA,太陽光発電設備の導入の取組状況,"１.該当する
２.該当しない",（４）脱炭素に資する措置の取組状況,１．事務事業に関する事項,1,1,1
128,太陽光発電設備の導入の取組状況  廃棄物処理施設：第三者所有による導入状況：リース,太陽光発電設備の導入の取組状況,"１.該当する
２.該当しない",（４）脱炭素に資する措置の取組状況,１．事務事業に関する事項,1,1,1
129,太陽光発電設備の導入の取組状況  廃棄物処理施設：第三者所有による導入状況：屋根貸し,太陽光発電設備の導入の取組状況,"１.該当する
２.該当しない",（４）脱炭素に資する措置の取組状況,１．事務事業に関する事項,1,1,1
130,太陽光発電設備の導入の取組状況  水道施設：第三者所有による導入状況：PPA,太陽光発電設備の導入の取組状況,"１.該当する
２.該当しない",（４）脱炭素に資する措置の取組状況,１．事務事業に関する事項,1,1,1
131,太陽光発電設備の導入の取組状況  水道施設：第三者所有による導入状況：リース,太陽光発電設備の導入の取組状況,"１.該当する
２.該当しない",（４）脱炭素に資する措置の取組状況,１．事務事業に関する事項,1,1,1
132,太陽光発電設備の導入の取組状況  水道施設：第三者所有による導入状況：屋根貸し,太陽光発電設備の導入の取組状況,"１.該当する
２.該当しない",（４）脱炭素に資する措置の取組状況,１．事務事業に関する事項,1,1,1
133,太陽光発電設備の導入の取組状況  下水道施設：第三者所有による導入状況：PPA,太陽光発電設備の導入の取組状況,"１.該当する
２.該当しない",（４）脱炭素に資する措置の取組状況,１．事務事業に関する事項,1,1,1
134,太陽光発電設備の導入の取組状況  下水道施設：第三者所有による導入状況：リース,太陽光発電設備の導入の取組状況,"１.該当する
２.該当しない",（４）脱炭素に資する措置の取組状況,１．事務事業に関する事項,1,1,1
135,太陽光発電設備の導入の取組状況  下水道施設：第三者所有による導入状況：屋根貸し,太陽光発電設備の導入の取組状況,"１.該当する
２.該当しない",（４）脱炭素に資する措置の取組状況,１．事務事業に関する事項,1,1,1
136,太陽光発電設備の導入の取組状況  その他施設：第三者所有による導入状況：PPA,太陽光発電設備の導入の取組状況,"１.該当する
２.該当しない",（４）脱炭素に資する措置の取組状況,１．事務事業に関する事項,1,1,1
137,太陽光発電設備の導入の取組状況  その他施設：第三者所有による導入状況：リース,太陽光発電設備の導入の取組状況,"１.該当する
２.該当しない",（４）脱炭素に資する措置の取組状況,１．事務事業に関する事項,1,1,1
138,太陽光発電設備の導入の取組状況  その他施設：第三者所有による導入状況：屋根貸し,太陽光発電設備の導入の取組状況,"１.該当する
２.該当しない",（４）脱炭素に資する措置の取組状況,１．事務事業に関する事項,1,1,1
139,太陽光発電設備の導入の取組状況  公有地：第三者所有による導入状況：PPA,太陽光発電設備の導入の取組状況,"１.該当する
２.該当しない",（４）脱炭素に資する措置の取組状況,１．事務事業に関する事項,1,1,1
140,太陽光発電設備の導入の取組状況  公有地：第三者所有による導入状況：リース,太陽光発電設備の導入の取組状況,"１.該当する
２.該当しない",（４）脱炭素に資する措置の取組状況,１．事務事業に関する事項,1,1,1
141,太陽光発電設備の導入の取組状況  公有地：第三者所有による導入状況：屋根貸し,太陽光発電設備の導入の取組状況,"１.該当する
２.該当しない",（４）脱炭素に資する措置の取組状況,１．事務事業に関する事項,1,1,1
142,公共建築物におけるZEB化に関する検討状況  ,公共建築物におけるZEB化に関する検討状況,"１.公共建築物のZEB化に関する目標・方針等を設定している
２.公共建築物においてZEB化に向けた基本設計等に取り組んでいる
３.ZEBの各種認証（ZEB、Nearly ZEB、ZEB ready、ZEB Oriented）を取得している建築物がある（施工中の建築物を含む）
４.ZEB化に向けた検討は行っていない",（４）脱炭素に資する措置の取組状況,１．事務事業に関する事項,1,1,1
143,公共建築物におけるLED設備の導入に向けた取組状況  ,公共建築物におけるLED設備の導入に向けた取組状況,"１.2030年度に向けて、公共施設等のLED照明の導入に向けた目標設定を行っている
２.2030年度に向けた目標に基づき、公共施設等の一部にLED照明を導入している
２.2030年度に向けた目標に基づき、公共施設等の一部にLED照明を導入している
４.公共施設等のLED照明の導入に向けた検討はしていない",（４）脱炭素に資する措置の取組状況,１．事務事業に関する事項,1,1,1
144,物品購入の配慮に係る事項の取組状況  １.環境配慮契約法に基づく環境配慮契約の推進,物品購入の配慮に係る事項の取組状況,"１.該当する
２.該当しない",（５）グリーン購入・環境配慮契約,１．事務事業に関する事項,1,1,1
145,物品購入の配慮に係る事項の取組状況  ２.グリーン購入法に基づく環境物品等の調達の推進,物品購入の配慮に係る事項の取組状況,"１.該当する
２.該当しない",（５）グリーン購入・環境配慮契約,１．事務事業に関する事項,1,1,1
146,物品購入の配慮に係る事項の取組状況  ３.公共建築物等における木材の利用促進に関する法律に基づく公共建築物等の整備,物品購入の配慮に係る事項の取組状況,"１.該当する
２.該当しない",（５）グリーン購入・環境配慮契約,１．事務事業に関する事項,1,1,1
147,物品購入の配慮に係る事項の取組状況  ４. 取り組んでいない,物品購入の配慮に係る事項の取組状況,"１.該当する
２.該当しない",（５）グリーン購入・環境配慮契約,１．事務事業に関する事項,1,1,1
148,ESCO事業の取組状況  ESCO事業の実施有無,ESCO事業の取組状況,"1.ある
2.ない",（５）グリーン購入・環境配慮契約,１．事務事業に関する事項,1,1,1
149,ESCO事業の取組状況  ESCO事業の内容,ESCO事業の取組状況,,（５）グリーン購入・環境配慮契約,１．事務事業に関する事項,1,1,1
150,事務事業編における実施状況の点検のタイミング  ,事務事業編における実施状況の点検のタイミング,"１.一年に一回以上のペースで点検している
２.毎年ではないが点検している
３.点検していない",（６）点検の実施状況等,１．事務事業に関する事項,1,1,1
151,点検結果・評価の公表状況（公表状況、公表URL）  ,点検結果・評価の公表状況（公表状況、公表URL）,"１.Web公表している
２.Web公表していないが、その他の方法で公表している
3.公表していない",（６）点検の実施状況等,１．事務事業に関する事項,1,1,1
152,10月1日現在の区域施策編の策定・改定状況、（10月1日以降に改定する場合の）改定予定年度  ,10月1日現在の区域施策編の策定・改定状況、（10月1日以降に改定する場合の）改定予定年度,"１.過去に一度も策定したことがなく、2024年10月1日以降も策定する予定はない
２.過去に一度も策定したことがないが、2024年10月1日以降に策定する予定がある
３.現在、計画期間中であり、2024年10月1日以降に改定する予定はない
４.現在、計画期間中であり、2024年10月1日以降に改定する予定がある
５.既に計画期間を経過しているが、2024年10月1日以降に改定する予定はない
６.既に計画期間を経過しており、2024年10月1日以降に改定する予定がある",（１）実行計画（区域施策編）の策定・改定状況,２.区域施策に関する事項,1,1,
153,10月1日現在の区域施策編の策定・改定状況、（10月1日以降に改定する場合の）改定予定年度 策定・改定予定年度 ,10月1日現在の区域施策編の策定・改定状況、（10月1日以降に改定する場合の）改定予定年度,2000-2030,（１）実行計画（区域施策編）の策定・改定状況,２.区域施策に関する事項,1,1,
154,区域施策編の策定・最終改定年度、目標年度、計画名称  策定・最終改定年度,区域施策編の策定・最終改定年度、目標年度、計画名称,2000-2030,（１）実行計画（区域施策編）の策定・改定状況,２.区域施策に関する事項,1,1,
155,区域施策編の策定・最終改定年度、目標年度、計画名称  目標年度,区域施策編の策定・最終改定年度、目標年度、計画名称,2000-2030,（１）実行計画（区域施策編）の策定・改定状況,２.区域施策に関する事項,1,1,
156,区域施策編の策定・最終改定年度、目標年度、計画名称  計画期間,区域施策編の策定・最終改定年度、目標年度、計画名称,,（１）実行計画（区域施策編）の策定・改定状況,２.区域施策に関する事項,1,1,
157,区域施策編の策定・最終改定年度、目標年度、計画名称  実行計画（区域施策編）の名称,区域施策編の策定・最終改定年度、目標年度、計画名称,,（１）実行計画（区域施策編）の策定・改定状況,２.区域施策に関する事項,1,1,
158,区域施策編の公表状況（公表状況、URL）  ,区域施策編の公表状況（公表状況、URL）,"１.webサイトで公表している
２.webサイトでは公表していないが、その他の方法で公表している
3.公表していない",（１）実行計画（区域施策編）の策定・改定状況,２.区域施策に関する事項,1,1,
159,区域施策編の公表状況（公表状況、URL） 公表URL ,区域施策編の公表状況（公表状況、URL）,,（１）実行計画（区域施策編）の策定・改定状況,２.区域施策に関する事項,1,1,
160,区域施策編の共同策定状況（策定状況、共同策定団体名）  ,区域施策編の共同策定状況（策定状況、共同策定団体名）,"１.共同して計画を策定済である
２.共同して計画を策定予定である
３.共同策定の予定はない",（１）実行計画（区域施策編）の策定・改定状況,２.区域施策に関する事項,1,1,
161,区域施策編の共同策定状況（策定状況、共同策定団体名） 共同策定団体名 ,区域施策編の共同策定状況（策定状況、共同策定団体名）,,（１）実行計画（区域施策編）の策定・改定状況,２.区域施策に関する事項,1,1,
162,区域内における定量的な再生可能エネルギー導入目標の設定有無、直近の目標年度  定量的な再生可能エネルギー導入目標設定の有無,区域内における定量的な再生可能エネルギー導入目標の設定有無、直近の目標年度,"１.設定している
２.設定していない",（２）目標設定と対象について,２.区域施策に関する事項,1,1,
163,区域内における定量的な再生可能エネルギー導入目標の設定有無、直近の目標年度  目標年度,区域内における定量的な再生可能エネルギー導入目標の設定有無、直近の目標年度,2000-2030,（２）目標設定と対象について,２.区域施策に関する事項,1,1,
164,区域施策編における基準年度、目標年度における排出量、直近の算定値 基準年度値 基準年度,区域施策編における基準年度、目標年度における排出量、直近の算定値,,（２）目標設定と対象について,２.区域施策に関する事項,1,1,
165,区域施策編における基準年度、目標年度における排出量、直近の算定値 基準年度値 総量の実績（基準年度）,区域施策編における基準年度、目標年度における排出量、直近の算定値,2000-2030,（２）目標設定と対象について,２.区域施策に関する事項,1,1,
166,区域施策編における基準年度、目標年度における排出量、直近の算定値 直近の算定値 直近の算定年度,区域施策編における基準年度、目標年度における排出量、直近の算定値,,（２）目標設定と対象について,２.区域施策に関する事項,1,1,
167,区域施策編における基準年度、目標年度における排出量、直近の算定値 直近の算定値 総量の実績（直近の算定年度）,区域施策編における基準年度、目標年度における排出量、直近の算定値,,（２）目標設定と対象について,２.区域施策に関する事項,1,1,
168,区域施策編における基準年度、目標年度における排出量、直近の算定値 直近の算定値 総量の実績（直近の算定年度）の基準年度からの削減率（%）,区域施策編における基準年度、目標年度における排出量、直近の算定値,,（２）目標設定と対象について,２.区域施策に関する事項,1,1,
169,区域施策編における基準年度、目標年度における排出量、直近の算定値 直近の算定値 目標年度,区域施策編における基準年度、目標年度における排出量、直近の算定値,2000-2030,（２）目標設定と対象について,２.区域施策に関する事項,1,1,
170,区域施策編における基準年度、目標年度における排出量、直近の算定値 直近の算定値 総量の目標値,区域施策編における基準年度、目標年度における排出量、直近の算定値,,（２）目標設定と対象について,２.区域施策に関する事項,1,1,
171,区域施策編における基準年度、目標年度における排出量、直近の算定値 直近の算定値 総量の目標値の基準年度からの削減率（%）,区域施策編における基準年度、目標年度における排出量、直近の算定値,,（２）目標設定と対象について,２.区域施策に関する事項,1,1,
172,区域施策編とその他の行政計画との統合  １.総合計画,区域施策編とその他の行政計画との統合,"１.統合している
２.統合していない",（２）目標設定と対象について,２.区域施策に関する事項,1,1,
173,区域施策編とその他の行政計画との統合  ２.条例等に基づく環境基本計画,区域施策編とその他の行政計画との統合,"１.統合している
２.統合していない",（２）目標設定と対象について,２.区域施策に関する事項,1,1,
174,区域施策編とその他の行政計画との統合  ３.地方公共団体実行計画（事務事業編）,区域施策編とその他の行政計画との統合,"１.統合している
２.統合していない",（２）目標設定と対象について,２.区域施策に関する事項,1,1,
175,区域施策編とその他の行政計画との統合  ４.その他,区域施策編とその他の行政計画との統合,"１.統合している
２.統合していない",（２）目標設定と対象について,２.区域施策に関する事項,1,1,
176,区域施策編とその他の行政計画との統合 その他の内容 ,区域施策編とその他の行政計画との統合,"１.統合している
２.統合していない",（２）目標設定と対象について,２.区域施策に関する事項,1,1,
177,区域施策編の進捗管理を協議・審議する場  １.地球温暖化対策推進法第22条第1項に基づく地方公共団体実行計画協議会,区域施策編の進捗管理を協議・審議する場,"１.該当する
２.該当しない",（３）進行管理の仕組み,２.区域施策に関する事項,1,1,
178,区域施策編の進捗管理を協議・審議する場  ２.地球温暖化対策推進法第40条第1項に基づく地球温暖化対策地域協議会,区域施策編の進捗管理を協議・審議する場,"１.該当する
２.該当しない",（３）進行管理の仕組み,２.区域施策に関する事項,1,1,
179,区域施策編の進捗管理を協議・審議する場  ３.地方公共団体独自の環境審議会,区域施策編の進捗管理を協議・審議する場,"１.該当する
２.該当しない",（３）進行管理の仕組み,２.区域施策に関する事項,1,1,
180,区域施策編の進捗管理を協議・審議する場  ４.関係各課等で構成される庁内組織,区域施策編の進捗管理を協議・審議する場,"１.該当する
２.該当しない",（３）進行管理の仕組み,２.区域施策に関する事項,1,1,
181,区域施策編の進捗管理を協議・審議する場  ５.その他,区域施策編の進捗管理を協議・審議する場,"１.該当する
２.該当しない",（３）進行管理の仕組み,２.区域施策に関する事項,1,1,
182,区域施策編の進捗管理を協議・審議する場  ６.協議・審議する場はない,区域施策編の進捗管理を協議・審議する場,"１.該当する
２.該当しない",（３）進行管理の仕組み,２.区域施策に関する事項,1,1,
183,区域への再エネ・省エネ等の導入促進に係る取組状況  １. 再生可能エネルギー導入・設置のための自治体独自の補助金制度を有している（事業者向け）,区域への再エネ・省エネ等の導入促進に係る取組状況,"１.該当する
２.該当しない",（４）施策の取組状況,２.区域施策に関する事項,1,1,
184,区域への再エネ・省エネ等の導入促進に係る取組状況  １. 再生可能エネルギー導入・設置のための自治体独自の補助金制度を有している（個人向け）,区域への再エネ・省エネ等の導入促進に係る取組状況,"１.該当する
２.該当しない",（４）施策の取組状況,２.区域施策に関する事項,1,1,
185,区域への再エネ・省エネ等の導入促進に係る取組状況  ２. 住宅・建築物における省エネ改修や省エネ機器等の導入のための自治体独自の補助制度を有している（事業者向け）,区域への再エネ・省エネ等の導入促進に係る取組状況,"１.該当する
２.該当しない",（４）施策の取組状況,２.区域施策に関する事項,1,1,
186,区域への再エネ・省エネ等の導入促進に係る取組状況  ２. 住宅・建築物における省エネ改修や省エネ機器等の導入のための自治体独自の補助制度を有している（個人向け）,区域への再エネ・省エネ等の導入促進に係る取組状況,"１.該当する
２.該当しない",（４）施策の取組状況,２.区域施策に関する事項,1,1,
187,区域への再エネ・省エネ等の導入促進に係る取組状況  ３. ネット・ゼロ・エネルギー・ビル（ZEB)、ネット・ゼロ・エネルギー・ハウス（ZEH)の導入のための自治体独自の補助金制度を有している（事業者向け）,区域への再エネ・省エネ等の導入促進に係る取組状況,"１.該当する
２.該当しない",（４）施策の取組状況,２.区域施策に関する事項,1,1,
188,区域への再エネ・省エネ等の導入促進に係る取組状況  ３. ネット・ゼロ・エネルギー・ビル（ZEB)、ネット・ゼロ・エネルギー・ハウス（ZEH)の導入のための自治体独自の補助金制度を有している（個人向け）,区域への再エネ・省エネ等の導入促進に係る取組状況,"１.該当する
２.該当しない",（４）施策の取組状況,２.区域施策に関する事項,1,1,
189,区域への再エネ・省エネ等の導入促進に係る取組状況  ４. 地域金融機関等と連携した再生可能エネルギー事業の出資や低利融資等金融上の支援を行っている（事業者向け）,区域への再エネ・省エネ等の導入促進に係る取組状況,"１.該当する
２.該当しない",（４）施策の取組状況,２.区域施策に関する事項,1,1,
190,区域への再エネ・省エネ等の導入促進に係る取組状況  ４. 地域金融機関等と連携した再生可能エネルギー事業の出資や低利融資等金融上の支援を行っている（個人向け）,区域への再エネ・省エネ等の導入促進に係る取組状況,"１.該当する
２.該当しない",（４）施策の取組状況,２.区域施策に関する事項,1,1,
191,区域への再エネ・省エネ等の導入促進に係る取組状況  ５. 地域エネルギー事業の促進のため、地域内のエネルギー事業者の事業に関与している,区域への再エネ・省エネ等の導入促進に係る取組状況,"１.該当する
２.該当しない",（４）施策の取組状況,２.区域施策に関する事項,1,1,
192,区域への再エネ・省エネ等の導入促進に係る取組状況  ６. 再生可能エネルギー利用促進のため、自治体が再エネ電気・設備調達の共同購入やリバースオークションの取組をコーディネートしている,区域への再エネ・省エネ等の導入促進に係る取組状況,"１.該当する
２.該当しない",（４）施策の取組状況,２.区域施策に関する事項,1,1,
193,区域への再エネ・省エネ等の導入促進に係る取組状況  ７. 再生可能エネルギー施設に係る自治体独自の固定資産税減免措置を導入している（事業者向け）,区域への再エネ・省エネ等の導入促進に係る取組状況,"１.該当する
２.該当しない",（４）施策の取組状況,２.区域施策に関する事項,1,1,
194,区域への再エネ・省エネ等の導入促進に係る取組状況  ７. 再生可能エネルギー施設に係る自治体独自の固定資産税減免措置を導入している（個人向け）,区域への再エネ・省エネ等の導入促進に係る取組状況,"１.該当する
２.該当しない",（４）施策の取組状況,２.区域施策に関する事項,1,1,
195,区域への再エネ・省エネ等の導入促進に係る取組状況  ８. 再生可能エネルギー利用促進のための「再生可能エネルギー導入ポテンシャルマップ」等の導入ポテンシャルに関する情報提供を行っている,区域への再エネ・省エネ等の導入促進に係る取組状況,"１.該当する
２.該当しない",（４）施策の取組状況,２.区域施策に関する事項,1,1,
196,区域への再エネ・省エネ等の導入促進に係る取組状況  ９. 電動車（EV、FCV、PHEV、HV）及び充電設備等の導入のための自治体独自の補助金制度を有している（事業者向け）,区域への再エネ・省エネ等の導入促進に係る取組状況,"１.該当する
２.該当しない",（４）施策の取組状況,２.区域施策に関する事項,1,1,
197,区域への再エネ・省エネ等の導入促進に係る取組状況  ９. 電動車（EV、FCV、PHEV、HV）及び充電設備等の導入のための自治体独自の補助金制度を有している（個人向け）,区域への再エネ・省エネ等の導入促進に係る取組状況,"１.該当する
２.該当しない",（４）施策の取組状況,２.区域施策に関する事項,1,1,
198,区域への再エネ・省エネ等の導入促進に係る取組状況  １０. 環境配慮行動に対して地域で利用できるポイントを付与する取組を行っている,区域への再エネ・省エネ等の導入促進に係る取組状況,"１.該当する
２.該当しない",（４）施策の取組状況,２.区域施策に関する事項,1,1,
199,区域への再エネ・省エネ等の導入促進に係る取組状況  １１. 住宅・建築物の省エネ性能向上のための取組（自治体の独自基準の設定）,区域への再エネ・省エネ等の導入促進に係る取組状況,"１.該当する
２.該当しない",（４）施策の取組状況,２.区域施策に関する事項,1,1,
200,区域への再エネ・省エネ等の導入促進に係る取組状況  １２. 事業者と自治体の間での災害時にEV/PHEV/FCVを搬入し給電を支援する協定の締結,区域への再エネ・省エネ等の導入促進に係る取組状況,"１.該当する
２.該当しない",（４）施策の取組状況,２.区域施策に関する事項,1,1,
201,区域への再エネ・省エネ等の導入促進に係る取組状況  １３.  電動車（EV、FCV、PHEV、HV）の公共充電インフラ整備を進めている,区域への再エネ・省エネ等の導入促進に係る取組状況,"１.該当する
２.該当しない",（４）施策の取組状況,２.区域施策に関する事項,1,1,
202,区域への再エネ・省エネ等の導入促進に係る取組状況  １４. 温室効果ガス排出量報告制度や地球温暖化対策計画書制度を整備・運用している,区域への再エネ・省エネ等の導入促進に係る取組状況,"１.該当する
２.該当しない",（４）施策の取組状況,２.区域施策に関する事項,1,1,
203,区域への再エネ・省エネ等の導入促進に係る取組状況  １５. クレジット創出支援,区域への再エネ・省エネ等の導入促進に係る取組状況,"１.該当する
２.該当しない",（４）施策の取組状況,２.区域施策に関する事項,1,1,
204,区域への再エネ・省エネ等の導入促進に係る取組状況  １６. 実施している、実施を検討しているものはない（事業者向け）,区域への再エネ・省エネ等の導入促進に係る取組状況,"１.該当する
２.該当しない",（４）施策の取組状況,２.区域施策に関する事項,1,1,
205,区域への再エネ・省エネ等の導入促進に係る取組状況  １６. 実施している、実施を検討しているものはない（個人向け）,区域への再エネ・省エネ等の導入促進に係る取組状況,"１.該当する
２.該当しない",（４）施策の取組状況,２.区域施策に関する事項,1,1,
206,区域施策編策定後の温室効果ガス排出量の算定や対策・施策の効果の把握  ,区域施策編策定後の温室効果ガス排出量の算定や対策・施策の効果の把握,"１.毎年実施している
２.毎年ではないが、定期的に実施している
３.今後実施することを予定している
４.実施しておらず、今後実施する予定もない",（５）点検の実施状況,２.区域施策に関する事項,1,1,
207,区域施策編の進捗評価結果の公表状況（公表状況、公表URL）  ,区域施策編の進捗評価結果の公表状況（公表状況、公表URL）,"１.webサイトで公表している
２.webサイトでは公表していないが、その他の方法で公表している
3.公表していない",（５）点検の実施状況,２.区域施策に関する事項,1,1,
208,地方公共団体実行計画における地域脱炭素化促進事業の促進に関する事項の設定  ,地方公共団体実行計画における地域脱炭素化促進事業の促進に関する事項の設定,"１.設定が完了している
２.設定に向けた検討を進めており、設定予定時期が決まっている 
３.設定に向けた検討を開始しているが、時期は未定である 
４.設定予定だが、まだ検討を開始していない
５.設定する予定はない ",（６）地域脱炭素化促進事業制度の検討状況について,２.区域施策に関する事項,,1,
209,地方公共団体実行計画における地域脱炭素化促進事業の促進に関する事項の設定 設定を予定している年度 予定年度,地方公共団体実行計画における地域脱炭素化促進事業の促進に関する事項の設定,2000-2030,（６）地域脱炭素化促進事業制度の検討状況について,２.区域施策に関する事項,,1,
210,市町村による促進区域の設定に関する都道府県基準の策定状況  ,市町村による促進区域の設定に関する都道府県基準の策定状況,"１.策定が完了している
２.策定に向けた検討を進めており、策定予定時期が決まっている
３.策定に向けた検討を開始しているが、時期は未定である 
４.策定予定だが、まだ検討を開始していない
５.策定する予定はない ",（６）地域脱炭素化促進事業制度の検討状況について,２.区域施策に関する事項,1,,
211,市町村による促進区域の設定に関する都道府県基準の策定状況 設定を予定している年度 予定年度,市町村による促進区域の設定に関する都道府県基準の策定状況,2000-2030,（６）地域脱炭素化促進事業制度の検討状況について,２.区域施策に関する事項,1,,
212,再生可能エネルギー規制を目的とする条例の制定有無  ,再生可能エネルギー規制を目的とする条例の制定有無,"１.ある
２.ない",（１）地球温暖化対策の推進等を目的とする条例の制定状況,３．その他地球温暖化対策に関する事項,1,1,
213,「再生可能エネルギー規制」を目的とする条例における条例制定内容  １再生可能エネルギー設備の設置に関する”届出制”の導入,「再生可能エネルギー規制」を目的とする条例における条例制定内容,"１.該当する
２.該当しない",（１）地球温暖化対策の推進等を目的とする条例の制定状況,３．その他地球温暖化対策に関する事項,1,1,
214,「再生可能エネルギー規制」を目的とする条例における条例制定内容  ２再生可能エネルギー設備の設置に関する”許認可制”の導入,「再生可能エネルギー規制」を目的とする条例における条例制定内容,"１.該当する
２.該当しない",（１）地球温暖化対策の推進等を目的とする条例の制定状況,３．その他地球温暖化対策に関する事項,1,1,
215,「再生可能エネルギー規制」を目的とする条例における条例制定内容  ３.再生可能エネルギー設備の設置に関する禁止地域の設定,「再生可能エネルギー規制」を目的とする条例における条例制定内容,"１.該当する
２.該当しない",（１）地球温暖化対策の推進等を目的とする条例の制定状況,３．その他地球温暖化対策に関する事項,1,1,
216,「再生可能エネルギー規制」を目的とする条例における条例制定内容  ４.温対法に基づく地域脱炭素化促進制度を考慮した規定の制定,「再生可能エネルギー規制」を目的とする条例における条例制定内容,"１.該当する
２.該当しない",（１）地球温暖化対策の推進等を目的とする条例の制定状況,３．その他地球温暖化対策に関する事項,1,1,
217,「再生可能エネルギー規制」を目的とする条例における条例制定内容  ５.その他,「再生可能エネルギー規制」を目的とする条例における条例制定内容,"１.該当する
２.該当しない",（１）地球温暖化対策の推進等を目的とする条例の制定状況,３．その他地球温暖化対策に関する事項,1,1,
218,「再生可能エネルギー規制」を目的とする条例における条例制定内容 「その他」の具体的な内容 ,「再生可能エネルギー規制」を目的とする条例における条例制定内容,,（１）地球温暖化対策の推進等を目的とする条例の制定状況,３．その他地球温暖化対策に関する事項,1,1,
219,"「地域循環共生圏」に関する取組状況  １.「地域循環共生圏」を何らかの計画に位置づけている
（総合計画、都道府県まち・ひと・しごと創生総合戦略、市区町村まち・ひと・しごと創生総合戦略、環境基本計画、地方公共団体実行計画、一般廃棄物処理計画、都道府県廃棄物処理計画、生物多様性地域戦略など）",「地域循環共生圏」に関する取組状況,"１.該当する
２.該当しない",（３）「地域循環共生圏」に関する取組状況,３．その他地球温暖化対策に関する事項,1,1,
220,「地域循環共生圏」に関する取組状況  ２.予算事業に「地域循環共生圏」の概念に沿ったものがある,「地域循環共生圏」に関する取組状況,"１.該当する
２.該当しない",（３）「地域循環共生圏」に関する取組状況,３．その他地球温暖化対策に関する事項,1,1,
221,「地域循環共生圏」に関する取組状況  ３.予算事業以外で「地域循環共生圏」の概念に沿った具体的な取組を行っている,「地域循環共生圏」に関する取組状況,"１.該当する
２.該当しない",（３）「地域循環共生圏」に関する取組状況,３．その他地球温暖化対策に関する事項,1,1,
222,「地域循環共生圏」に関する取組状況  ４.その他,「地域循環共生圏」に関する取組状況,"１.該当する
２.該当しない",（３）「地域循環共生圏」に関する取組状況,３．その他地球温暖化対策に関する事項,1,1,
223,「地域循環共生圏」に関する取組状況  ５.実施している取組はない,「地域循環共生圏」に関する取組状況,"１.該当する
２.該当しない",（３）「地域循環共生圏」に関する取組状況,３．その他地球温暖化対策に関する事項,1,1,
224,「地域循環共生圏」に関する取組状況 「その他」の具体的内容 ,「地域循環共生圏」に関する取組状況,,（３）「地域循環共生圏」に関する取組状況,３．その他地球温暖化対策に関する事項,1,1,